RecordName,Simulation,Oracles,MISC,E2E,RetryNo
RecordName,Simulation,Oracles,MISC,E2E,RetryNo
RecordName,Simulation,Oracles,MISC,E2E,RetryNo
RecordName,Simulation,Oracles,MISC,E2E,RetryNo
RecordName,Simulation,Oracles,MISC,E2E,RetryNo
RecordName,Simulation,Oracles,MISC,E2E,RetryNo
RecordName,Simulation,Oracles,MISC,E2E,RetryNo
RecordName,Simulation,Oracles,MISC,E2E,RetryNo
RecordName,Simulation,Oracles,MISC,E2E,RetryNo
RecordName,Simulation,Oracles,MISC,E2E,RetryNo
RecordName,Simulation,Oracles,MISC,E2E,RetryNo
RecordName,Simulation,Oracles,MISC,E2E,RetryNo
